{"20200412_104431": {"0": 0.009211873080859774, "1": 0.8807574206755373, "2": 0.013817809621289662, "3": 0.02302968270214944, "4": 0.006141248720573183, "5": 0.011258955987717503, "6": 0.009723643807574206, "7": 0.04605936540429888}, "20200412_111512": {"0": 0.005008347245409015, "1": 0.9532554257095158, "2": 0.0011129660545353367, "3": 0.0005564830272676684, "4": 0.0005564830272676684, "5": 0.004451864218141347, "6": 0.015581524763494713, "7": 0.019476905954368393}, "20200412_114552": {"0": 0.0, "1": 0.9988851727982163, "2": 0.0005574136008918618, "3": 0.0005574136008918618, "4": 0.0, "5": 0.0, "6": 0.0, "7": 0.0}, "20200412_121634": {"0": 0.004221635883905013, "1": 0.9240105540897098, "2": 0.00949868073878628, "3": 0.016358839050131926, "4": 0.005804749340369393, "5": 0.00474934036939314, "6": 0.0021108179419525065, "7": 0.03324538258575198}, "20200412_124716": {"0": 0.03879544221378188, "1": 0.26478567552902876, "2": 0.0770482908301682, "3": 0.2311448724905046, "4": 0.043136190992946286, "5": 0.04042322300596853, "6": 0.024416711882799782, "7": 0.28024959305480196}, "20200412_131757": {"0": 0.027520359449592812, "1": 0.2468407750631845, "2": 0.08565009828699803, "3": 0.2330805953383881, "4": 0.04802021903959562, "5": 0.04352709912945802, "6": 0.035102499297950014, "7": 0.28025835439483293}, "20200412_134840": {"0": 0.0, "1": 0.7075675675675676, "2": 0.001081081081081081, "3": 0.003243243243243243, "4": 0.0, "5": 0.0005405405405405405, "6": 0.0, "7": 0.2875675675675676}, "20200412_141921": {"0": 0.003303964757709251, "1": 0.6723568281938326, "2": 0.003854625550660793, "3": 0.01817180616740088, "4": 0.004405286343612335, "5": 0.009911894273127754, "6": 0.0, "7": 0.2879955947136564}, "20200412_145004": {"0": 0.0027981811822315496, "1": 0.01993704092339979, "2": 0.015739769150052464, "3": 0.5351521511017838, "4": 0.02938090241343127, "5": 0.06750612102133613, "6": 0.02098635886673662, "7": 0.30849947534102834}, "20200412_152045": {"0": 0.0024927295388450354, "1": 0.4894058994599086, "2": 0.023265475695886995, "3": 0.20066472787702536, "4": 0.03157457415870378, "5": 0.0423764021603656, "6": 0.023680930619027835, "7": 0.1865392604902368}, "20200412_155126": {"0": 0.0, "1": 0.9541689674213142, "2": 0.0, "3": 0.0, "4": 0.0, "5": 0.0, "6": 0.0, "7": 0.04583103257868581}, "20200412_162208": {"0": 0.002770083102493075, "1": 0.942382271468144, "2": 0.017174515235457065, "3": 0.006648199445983379, "4": 0.0, "5": 0.0, "6": 0.0, "7": 0.03102493074792244}, "20200412_165248": {"0": 0.0, "1": 0.8141202426916713, "2": 0.0011031439602868175, "3": 0.03088803088803089, "4": 0.0, "5": 0.0, "6": 0.0, "7": 0.15388858246001103}, "20200412_172330": {"0": 0.0, "1": 0.9761904761904762, "2": 0.0, "3": 0.0, "4": 0.0, "5": 0.0, "6": 0.0, "7": 0.023809523809523808}, "20200412_175412": {"0": 0.0027685492801771874, "1": 0.9213732004429679, "2": 0.0033222591362126247, "3": 0.059800664451827246, "4": 0.0, "5": 0.0, "6": 0.0, "7": 0.01273532668881506}, "20200412_182452": {"0": 0.008888888888888889, "1": 0.9538888888888889, "2": 0.0038888888888888888, "3": 0.0, "4": 0.0005555555555555556, "5": 0.03166666666666667, "6": 0.0011111111111111111, "7": 0.0}, "20200412_185533": {"0": 0.0010162601626016261, "1": 0.665650406504065, "2": 0.0010162601626016261, "3": 0.17835365853658536, "4": 0.0, "5": 0.061991869918699184, "6": 0.007113821138211382, "7": 0.08485772357723577}, "20200412_192614": {"0": 0.0006313131313131314, "1": 0.1369949494949495, "2": 0.006313131313131313, "3": 0.42108585858585856, "4": 0.007891414141414142, "5": 0.022727272727272728, "6": 0.0015782828282828283, "7": 0.4027777777777778}, "20200412_195657": {"0": 0.0, "1": 0.9977715877437325, "2": 0.0, "3": 0.0, "4": 0.0, "5": 0.0, "6": 0.0, "7": 0.0022284122562674096}, "20200412_202738": {"0": 0.0, "1": 0.9260485651214128, "2": 0.006622516556291391, "3": 0.04690949227373068, "4": 0.0, "5": 0.0, "6": 0.0, "7": 0.02041942604856512}, "20200412_205819": {"0": 0.0, "1": 1.0, "2": 0.0, "3": 0.0, "4": 0.0, "5": 0.0, "6": 0.0, "7": 0.0}, "20200412_212900": {"0": 0.0, "1": 0.9508928571428571, "2": 0.002232142857142857, "3": 0.04631696428571429, "4": 0.0, "5": 0.0, "6": 0.0, "7": 0.0005580357142857143}, "20200412_215941": {"0": 0.0, "1": 1.0, "2": 0.0, "3": 0.0, "4": 0.0, "5": 0.0, "6": 0.0, "7": 0.0}, "20200412_223022": {"0": 0.0, "1": 1.0, "2": 0.0, "3": 0.0, "4": 0.0, "5": 0.0, "6": 0.0, "7": 0.0}, "20200412_230105": {"0": 0.0, "1": 0.8182323513062812, "2": 0.0044469149527515284, "3": 0.17065036131183992, "4": 0.0, "5": 0.0, "6": 0.0, "7": 0.006670372429127293}, "20200412_233146": {"0": 0.0, "1": 0.9716666666666667, "2": 0.005, "3": 0.023333333333333334, "4": 0.0, "5": 0.0, "6": 0.0, "7": 0.0}, "20200413_000227": {"0": 0.0, "1": 1.0, "2": 0.0, "3": 0.0, "4": 0.0, "5": 0.0, "6": 0.0, "7": 0.0}, "20200413_003309": {"0": 0.025487256371814093, "1": 0.14442778610694654, "2": 0.0399800099950025, "3": 0.16441779110444776, "4": 0.001999000499750125, "5": 0.3308345827086457, "6": 0.08045977011494253, "7": 0.21239380309845077}, "20200413_011934": {"0": 0.0, "1": 0.0004926108374384236, "2": 0.0019704433497536944, "3": 0.31822660098522165, "4": 0.0, "5": 0.0049261083743842365, "6": 0.0009852216748768472, "7": 0.6733990147783251}, "20200413_015014": {"0": 0.0, "1": 0.0, "2": 0.0, "3": 0.37311251826595226, "4": 0.0, "5": 0.0, "6": 0.0, "7": 0.6268874817340477}, "20200413_022055": {"0": 0.0, "1": 0.0004975124378109452, "2": 0.0, "3": 0.36766169154228856, "4": 0.0, "5": 0.0, "6": 0.0, "7": 0.6318407960199005}, "20200413_025135": {"0": 0.0, "1": 0.0, "2": 0.0, "3": 0.17034700315457413, "4": 0.0, "5": 0.0, "6": 0.0, "7": 0.8296529968454258}, "20200413_032216": {"0": 0.0, "1": 0.0, "2": 0.0015067805123053742, "3": 0.4229030637870417, "4": 0.0, "5": 0.00803616273229533, "6": 0.0015067805123053742, "7": 0.5660472124560523}, "20200413_035256": {"0": 0.0, "1": 0.0005015045135406219, "2": 0.0020060180541624875, "3": 0.3550651955867603, "4": 0.0, "5": 0.0025075225677031092, "6": 0.015546639919759278, "7": 0.6243731193580743}, "20200413_042337": {"0": 0.0, "1": 0.0004967709885742673, "2": 0.0, "3": 0.43169398907103823, "4": 0.0, "5": 0.0, "6": 0.0, "7": 0.5678092399403875}, "20200413_045418": {"0": 0.0, "1": 0.0005208333333333333, "2": 0.0, "3": 0.22916666666666666, "4": 0.0, "5": 0.030729166666666665, "6": 0.0, "7": 0.7395833333333334}, "20200413_052459": {"0": 0.0, "1": 0.0005094243504839531, "2": 0.0, "3": 0.4009169638308711, "4": 0.0, "5": 0.0020376974019358125, "6": 0.0, "7": 0.5965359144167092}, "20200413_055541": {"0": 0.0, "1": 0.0, "2": 0.0, "3": 0.14875191034131433, "4": 0.0, "5": 0.03769740193581253, "6": 0.11309220580743759, "7": 0.7004584819154356}, "20200413_062621": {"0": 0.02612330198537095, "1": 0.0036572622779519333, "2": 0.0020898641588296763, "3": 0.06896551724137931, "4": 0.0, "5": 0.08045977011494253, "6": 0.0438871473354232, "7": 0.7748171368861024}, "20200413_065701": {"0": 0.0, "1": 0.0, "2": 0.0, "3": 0.002175095160413268, "4": 0.0, "5": 0.14953779227841218, "6": 0.03099510603588907, "7": 0.8172920065252854}, "20200413_072742": {"0": 0.0, "1": 0.0, "2": 0.0, "3": 0.007253886010362694, "4": 0.0, "5": 0.26632124352331604, "6": 0.08082901554404145, "7": 0.6455958549222798}, "20200413_075824": {"0": 0.0, "1": 0.0, "2": 0.0, "3": 0.17456896551724138, "4": 0.0, "5": 0.11045258620689655, "6": 0.020474137931034482, "7": 0.6945043103448276}, "20200413_082905": {"0": 0.0, "1": 0.0005181347150259067, "2": 0.0, "3": 0.19844559585492227, "4": 0.0, "5": 0.22227979274611398, "6": 0.024352331606217616, "7": 0.5544041450777202}, "20200413_085945": {"0": 0.0, "1": 0.0, "2": 0.0, "3": 0.08179419525065963, "4": 0.0, "5": 0.19102902374670186, "6": 0.04063324538258575, "7": 0.6865435356200528}, "20200413_093025": {"0": 0.0, "1": 0.0, "2": 0.0, "3": 0.4455852156057495, "4": 0.0, "5": 0.17967145790554415, "6": 0.037987679671457907, "7": 0.33675564681724846}, "20200413_100105": {"0": 0.0025627883136852894, "1": 0.0020502306509482316,