{"20200414_131709": {"0": 0.0, "1": 0.0, "2": 0.9808114035087719, "3": 0.0, "4": 0.0, "5": 0.01918859649122807, "6": 0.0, "7": 0.0}, "20200414_134748": {"0": 0.0, "1": 0.0, "2": 0.4871541501976285, "3": 0.0004940711462450593, "4": 0.0, "5": 0.5123517786561265, "6": 0.0, "7": 0.0}}