{
  "20200406_233315": {
    "0": 0.0,
    "1": 1.0,
    "2": 0.0,
    "3": 0.0,
    "4": 0.0,
    "5": 0.0,
    "6": 0.0,
    "7": 0.0
  },
  "20200407_000445": {
    "0": 0.0,
    "1": 0.9905345211581291,
    "2": 0.005567928730512249,
    "3": 0.0038975501113585748,
    "4": 0.0,
    "5": 0.0,
    "6": 0.0,
    "7": 0.0
  },
  "20200407_003650": {
    "0": 0.0,
    "1": 0.9892241379310345,
    "2": 0.00646551724137931,
    "3": 0.004310344827586207,
    "4": 0.0,
    "5": 0.0,
    "6": 0.0,
    "7": 0.0
  }
}
