{"20200408_152555": {"0": 0.13746630727762804, "1": 0.00431266846361186, "2": 0.005929919137466307, "3": 0.01940700808625337, "4": 0.0005390835579514825, "5": 0.0005390835579514825, "6": 0.0016172506738544475, "7": 0.8301886792452831}, "20200408_183004": {"0": 0.3946784922394678, "1": 0.0022172949002217295, "2": 0.004434589800443459, "3": 0.13968957871396895, "4": 0.0, "5": 0.0, "6": 0.0, "7": 0.458980044345898}, "20200408_162717": {"0": 0.23247033441208198, "1": 0.0, "2": 0.0005393743257820927, "3": 0.03505933117583603, "4": 0.0, "5": 0.0, "6": 0.0, "7": 0.7319309600862999}, "20200408_142429": {"0": 0.008888888888888889, "1": 0.0016666666666666668, "2": 0.0, "3": 0.0005555555555555556, "4": 0.002777777777777778, "5": 0.0, "6": 0.0, "7": 0.9861111111111112}, "20200408_132256": {"0": 0.13145119127642094, "1": 0.1301068040929121, "2": 0.1195757711554261, "3": 0.12480394353573829, "4": 0.11643886772723878, "5": 0.1251773844200463, "6": 0.12106953469265815, "7": 0.13137650309955934}, "20200408_172841": {"0": 0.9733924611973392, "1": 0.0011086474501108647, "2": 0.002771618625277162, "3": 0.0022172949002217295, "4": 0.0, "5": 0.0005543237250554324, "6": 0.0, "7": 0.019955654101995565}, "20200408_175922": {"0": 0.2489247311827957, "1": 0.0032258064516129032, "2": 0.001075268817204301, "3": 0.00967741935483871, "4": 0.0, "5": 0.001075268817204301, "6": 0.0, "7": 0.736021505376344}, "20200408_135342": {"0": 0.11364129256126654, "1": 0.09846020386033398, "2": 0.08458035133376708, "3": 0.0960746042073303, "4": 0.08089351550639774, "5": 0.08913467794404685, "6": 0.08544784211667751, "7": 0.35176751247018}, "20200408_145510": {"0": 0.1665756417258329, "1": 0.0, "2": 0.0, "3": 0.0, "4": 0.0, "5": 0.0005461496450027307, "6": 0.0, "7": 0.8328782086291644}, "20200408_165800": {"0": 0.9517470881863561, "1": 0.004437049362174155, "2": 0.01552967276760954, "3": 0.003882418191902385, "4": 0.0, "5": 0.0005546311702717693, "6": 0.0, "7": 0.02384914032168608}, "20200408_155636": {"0": 0.24273412271259417, "1": 0.001076426264800861, "2": 0.013993541442411194, "3": 0.03336921420882669, "4": 0.0, "5": 0.0, "6": 0.005920344456404736, "7": 0.7029063509149623}}